trading_date,period,month,calendar_split,n_candidates,elite_candidate,elite_candidate_share,n_published,elite_published,score_p50,score_p90,score_max,spy_ret20,spy_rv20,spy_stratum,regime_v12_pit,config_hash,n_src_projection_bearish,n_src_projection_bearish_v2,n_src_projection_bullish,n_src_uoa_day,n_src_uoa_long,n_src_uoa_swing,n_src_whale_watch
2026-04-01,P0,2026-04,in_sample,67,1,0.014925,8,1,66.296,76.75342,91.2887,-0.043627,0.189954,down_tape,,31e4469fa4f4,15,0,15,10,5,10,20
2026-04-02,P0,2026-04,in_sample,67,1,0.014925,8,1,62.14,77.9162,90.1472,-0.037399,0.189828,down_tape,,6d5c0496833b,15,0,15,10,5,10,20
2026-04-06,P0,2026-04,in_sample,68,2,0.029412,8,2,61.78615,76.44936,91.4229,-0.020004,0.186316,down_tape,,6d5c0496833b,15,0,15,10,5,10,20
2026-04-07,P0,2026-04,in_sample,65,0,0.0,8,0,62.8181,78.89754,87.3478,-0.028086,0.182865,down_tape,,6d5c0496833b,15,0,15,10,5,10,20
2026-04-08,P0,2026-04,in_sample,68,1,0.014706,8,1,65.49105,78.02335,91.6437,-0.001728,0.205746,down_tape,,6d5c0496833b,15,0,15,10,5,10,20
2026-04-09,P0,2026-04,in_sample,69,0,0.0,8,0,66.2253,76.26304,85.8832,0.005293,0.206719,up_tape,,6d5c0496833b,15,0,15,10,5,10,20
2026-04-10,P0,2026-04,in_sample,63,0,0.0,8,0,71.2548,81.844,89.3034,0.020118,0.198466,up_tape,,6d5c0496833b,15,0,15,10,5,10,20
2026-04-13,P0,2026-04,in_sample,68,0,0.0,8,0,64.61465,74.37528,80.8908,0.035951,0.199127,up_tape,,6d5c0496833b,15,0,15,10,5,10,20
2026-04-14,P0,2026-04,in_sample,71,0,0.0,8,0,67.8105,74.0413,85.394,0.03801,0.200353,up_tape,,6d5c0496833b,15,0,15,10,5,10,20
2026-04-15,P0,2026-04,in_sample,67,0,0.0,8,0,63.7531,73.30662,78.8225,0.043456,0.201475,up_tape,,6d5c0496833b,15,0,15,10,5,10,20
2026-04-16,P0,2026-04,in_sample,69,0,0.0,8,0,65.8666,77.309,83.4855,0.060823,0.192201,up_tape,,6d5c0496833b,15,0,15,10,5,10,20
2026-04-17,P0,2026-04,in_sample,65,0,0.0,8,0,66.0928,78.59138,89.3326,0.076296,0.193653,up_tape,,6d5c0496833b,15,0,15,10,5,10,20
2026-04-20,P0,2026-04,in_sample,51,1,0.019608,8,1,68.8598,79.605,90.2964,0.092742,0.178926,up_tape,,6d5c0496833b,15,0,15,10,5,10,0
2026-04-21,P0,2026-04,in_sample,50,1,0.02,8,1,70.89595,77.41779,92.1123,0.074308,0.181519,up_tape,,6d5c0496833b,15,0,15,10,5,10,0
2026-04-22,P0,2026-04,in_sample,51,0,0.0,8,0,67.7461,78.5334,83.7643,0.088842,0.180965,up_tape,,6d5c0496833b,15,0,15,10,5,10,0
2026-04-23,P0,2026-04,in_sample,53,1,0.018868,8,1,69.6614,79.71034,91.2265,0.078606,0.183157,up_tape,,6d5c0496833b,15,0,15,10,5,10,0
2026-04-24,P0,2026-04,in_sample,50,0,0.0,8,0,71.74775,80.07683,86.9956,0.106729,0.164339,up_tape,,6d5c0496833b,15,0,15,10,5,10,0
2026-04-27,P0,2026-04,in_sample,52,0,0.0,8,0,70.43315,78.23345,85.6365,0.127868,0.142623,up_tape,,6d5c0496833b,15,0,15,10,5,10,0
2026-04-28,P0,2026-04,in_sample,51,0,0.0,8,0,70.5392,78.9603,89.2067,0.126145,0.14405,up_tape,,6d5c0496833b,15,0,15,10,5,10,0
2026-04-29,P0,2026-04,in_sample,51,0,0.0,8,0,71.073,80.3682,88.2277,0.094166,0.117688,up_tape,,6d5c0496833b,15,0,15,10,5,10,0
2026-04-30,P0,2026-04,in_sample,54,0,0.0,8,0,66.4315,75.1356,81.4176,0.096789,0.1188,up_tape,,6d5c0496833b,15,0,15,10,5,10,0
2026-05-01,P0,2026-05,in_sample,52,1,0.019231,8,1,69.3323,79.32079,95.7642,0.098837,0.118209,up_tape,,7a553a06ade8,15,0,15,10,5,10,0
2026-05-04,P0,2026-05,in_sample,53,1,0.018868,8,1,67.2731,78.64698,90.2128,0.089661,0.121896,up_tape,,6d5c0496833b,15,0,15,10,5,10,0
2026-05-05,P0,2026-05,in_sample,51,2,0.039216,8,2,69.4756,80.6378,96.7352,0.097919,0.121677,up_tape,,33235596f733,15,0,15,10,5,10,0
2026-05-06,P0,2026-05,in_sample,53,1,0.018868,8,1,66.8049,82.46798,90.0095,0.085531,0.101308,up_tape,,33235596f733,15,0,15,10,5,10,0
2026-05-07,P0,2026-05,in_sample,49,1,0.020408,8,1,69.1831,82.89306,91.353,0.075995,0.104203,up_tape,,33235596f733,15,0,15,10,5,10,0
2026-05-08,P0,2026-05,in_sample,51,1,0.019608,8,1,67.8663,83.6464,95.9768,0.085597,0.104085,up_tape,,33235596f733,15,0,15,10,5,10,0
2026-05-15,P0,2026-05,in_sample,53,0,0.0,8,0,69.5711,81.21276,85.8287,0.040879,0.107256,up_tape,,f7c5a4cb49be,15,0,15,10,5,10,0
2026-05-18,P0,2026-05,in_sample,51,0,0.0,8,0,63.1766,78.9794,88.8378,0.042231,0.106711,up_tape,,f7c5a4cb49be,15,0,15,10,5,10,0
2026-05-19,P0,2026-05,in_sample,50,0,0.0,8,0,66.448,79.33344,87.3737,0.042112,0.106834,up_tape,,f7c5a4cb49be,0,15,15,10,5,10,0
2026-05-20,P0,2026-05,in_sample,53,1,0.018868,8,1,68.2157,82.33082,90.2459,0.042238,0.106956,up_tape,,f7c5a4cb49be,0,15,15,10,5,10,0
2026-05-21,P0,2026-05,in_sample,49,0,0.0,8,0,63.8365,82.84712,87.3719,0.048373,0.104624,up_tape,,f7c5a4cb49be,0,15,15,10,5,10,0
2026-05-22,P0,2026-05,in_sample,51,0,0.0,8,0,71.8548,83.7036,85.1725,0.044401,0.102899,up_tape,,f7c5a4cb49be,0,15,15,10,5,10,0
2026-05-26,P0,2026-05,in_sample,45,0,0.0,8,0,76.4093,83.5599,88.9818,0.049527,0.104075,up_tape,,f7c5a4cb49be,0,15,15,10,5,10,0
2026-05-27,P0,2026-05,in_sample,51,0,0.0,8,0,74.6484,83.4262,89.7504,0.054476,0.100996,up_tape,,f7c5a4cb49be,0,15,15,10,5,10,0
2026-05-28,P0,2026-05,in_sample,49,0,0.0,8,0,71.7242,83.12782,88.3849,0.060457,0.100907,up_tape,,f7c5a4cb49be,0,15,15,10,5,10,0
2026-05-29,P0,2026-05,in_sample,47,1,0.021277,8,1,67.0741,83.53992,91.7436,0.052626,0.097493,up_tape,,f7c5a4cb49be,0,15,15,10,5,10,0
2026-06-01,P0,2026-06,sealed,49,1,0.020408,8,1,63.5226,81.8681,91.19,0.052578,0.097492,up_tape,,f7c5a4cb49be,0,15,15,10,5,10,0
2026-06-02,P0,2026-06,sealed,45,1,0.022222,8,1,66.8328,85.47294,92.7684,0.057882,0.094826,up_tape,,d5aec512d4e2,0,15,15,10,5,10,0
2026-06-03,P0,2026-06,sealed,45,2,0.044444,8,2,70.5316,84.10662,92.2382,0.042099,0.098868,up_tape,,56a2dccf4366,0,15,15,10,5,10,0
2026-06-04,P0,2026-06,sealed,49,0,0.0,8,0,72.1822,82.91824,84.2236,0.031697,0.088985,up_tape,,56a2dccf4366,0,15,15,10,5,10,0
2026-06-05,P0,2026-06,sealed,52,0,0.0,8,0,72.8201,82.98908,85.3454,0.00816,0.13215,up_tape,,56a2dccf4366,0,15,15,10,5,10,0
2026-06-08,P0,2026-06,sealed,52,0,0.0,8,0,70.3228,82.11201,85.8164,0.002169,0.129134,up_tape,,56a2dccf4366,0,15,15,10,5,10,0
2026-06-09,P0,2026-06,sealed,50,0,0.0,8,0,63.6589,80.87744,82.4832,-0.003043,0.1293,down_tape,bullish,56a2dccf4366,0,15,15,10,5,10,0
2026-06-10,P0,2026-06,sealed,50,1,0.02,8,1,75.26105,83.17304,92.9226,-0.017272,0.140862,down_tape,bullish,56a2dccf4366,0,15,15,10,5,10,0
2026-06-11,P0,2026-06,sealed,52,0,0.0,8,0,64.95975,80.46352,81.4796,-0.00613,0.152882,down_tape,bullish,56a2dccf4366,0,15,15,10,5,10,0
2026-06-12,P0,2026-06,sealed,52,0,0.0,8,0,74.87135,81.49084,87.7295,-0.008581,0.151376,down_tape,strongly_bullish,56a2dccf4366,0,15,15,10,5,10,0
2026-06-15,P0,2026-06,sealed,50,1,0.02,8,1,77.97285,83.93407,90.2102,0.021186,0.157425,up_tape,strongly_bullish,56a2dccf4366,0,15,15,10,5,10,0
2026-06-16,P0,2026-06,sealed,51,1,0.019608,8,1,76.2931,83.2742,92.9468,0.015813,0.159306,up_tape,strongly_bullish,56a2dccf4366,0,15,15,10,5,10,0
2026-06-17,P0,2026-06,sealed,52,1,0.019231,8,1,79.23695,84.35647,90.5854,0.009854,0.164256,up_tape,strongly_bullish,56a2dccf4366,0,15,15,10,5,10,0
2026-06-18,P0,2026-06,sealed,51,1,0.019608,8,1,71.5405,83.3454,90.9407,0.007406,0.162571,up_tape,strongly_bullish,56a2dccf4366,0,15,15,10,5,10,0
2026-06-22,P0,2026-06,sealed,53,0,0.0,8,0,66.3658,82.97012,89.3275,0.002248,0.162917,up_tape,strongly_bullish,56a2dccf4366,0,15,15,10,5,10,0
2026-06-23,P0,2026-06,sealed,51,1,0.019608,8,1,64.925,81.2085,91.5835,-0.016174,0.170302,down_tape,bullish,56a2dccf4366,0,15,15,10,5,10,0
2026-06-24,P0,2026-06,sealed,51,0,0.0,8,0,67.2974,81.3236,85.7634,-0.023115,0.168044,down_tape,bullish,56a2dccf4366,0,15,15,10,5,10,0
2026-06-25,P0,2026-06,sealed,55,0,0.0,8,0,75.2918,81.76986,87.4815,-0.021533,0.168269,down_tape,bullish,56a2dccf4366,0,15,15,10,5,10,0
2026-06-26,P0,2026-06,sealed,52,0,0.0,11,0,76.124,82.91629,86.7716,-0.033939,0.167736,down_tape,bullish,56a2dccf4366,0,15,15,10,5,10,0
2026-06-29,P0,2026-06,sealed,52,1,0.019231,8,1,72.5303,84.89859,90.919,-0.020463,0.17917,down_tape,strongly_bullish,03fa47e1c436,0,15,15,10,5,10,0
2026-06-30,P0,2026-06,sealed,47,1,0.021277,8,1,75.2446,85.20118,93.1469,-0.015517,0.181447,down_tape,strongly_bullish,03fa47e1c436,0,15,15,10,5,10,0
2026-07-01,P1,2026-07,sealed,52,1,0.019231,8,1,78.38635,84.59434,92.7646,-0.018181,0.181278,down_tape,strongly_bullish,03fa47e1c436,0,15,15,10,5,10,0
2026-07-02,P1,2026-07,sealed,61,1,0.016393,9,1,68.0475,82.3647,90.0262,-0.012542,0.179846,down_tape,strongly_bullish,0fea1355bf26,15,15,15,10,5,10,0
2026-07-07,P1,2026-07,sealed,63,1,0.015873,8,1,69.3214,82.8475,91.1306,0.013775,0.156113,up_tape,strongly_bullish,03fa47e1c436,15,15,15,10,5,10,0
2026-07-08,P1,2026-07,sealed,68,0,0.0,9,0,69.33565,81.98085,85.5627,0.00836,0.156553,up_tape,strongly_bullish,181ae113b538,15,15,15,10,5,10,0
2026-07-09,P1,2026-07,sealed,60,1,0.016667,8,1,66.8617,83.16297,90.8706,0.01989,0.15851,up_tape,strongly_bullish,181ae113b538,15,15,15,10,5,10,0
2026-07-10,P1,2026-07,sealed,59,1,0.016949,10,1,68.0732,82.69732,91.0104,0.040693,0.145683,up_tape,strongly_bullish,181ae113b538,15,15,15,10,5,10,0
2026-07-13,P1,2026-07,sealed,65,0,0.0,8,0,63.5887,82.14042,84.8053,0.015466,0.138341,up_tape,strongly_bullish,181ae113b538,15,15,15,10,5,10,0
2026-07-14,P1,2026-07,sealed,64,0,0.0,8,0,65.9457,81.21113,83.0919,0.013589,0.137675,up_tape,strongly_bullish,181ae113b538,15,15,15,10,5,10,0
2026-07-15,P1,2026-07,sealed,66,0,0.0,8,0,66.3938,82.7963,86.4418,-2.6e-05,0.12341,down_tape,strongly_bullish,181ae113b538,15,15,15,10,5,10,0
2026-07-16,P1,2026-07,sealed,67,0,0.0,9,0,66.5907,81.53464,87.5387,0.00052,0.123074,up_tape,strongly_bullish,181ae113b538,15,15,15,10,5,10,0
2026-07-17,P1,2026-07,sealed,64,0,0.0,10,0,68.5167,82.5263,87.4508,0.003145,0.119827,up_tape,bullish,181ae113b538,15,15,15,10,5,10,0
2026-07-20,P1,2026-07,sealed,62,0,0.0,8,0,69.48685,82.3496,83.8677,-0.006227,0.116503,down_tape,bullish,181ae113b538,15,15,15,10,5,10,0
2026-07-21,P1,2026-07,sealed,65,1,0.015385,9,1,64.1317,81.6242,90.8841,0.005226,0.119851,up_tape,strongly_bullish,181ae113b538,15,15,15,10,5,10,0
2026-07-22,P1,2026-07,sealed,63,0,0.0,9,0,62.1471,82.0451,85.9744,0.018853,0.106446,up_tape,strongly_bullish,181ae113b538,15,15,15,10,5,10,0
2026-07-23,P1,2026-07,sealed,63,1,0.015873,8,1,66.7094,81.80332,91.3759,0.006737,0.116522,up_tape,bullish,181ae113b538,15,15,15,10,5,10,0
2026-07-24,P1,2026-07,sealed,63,0,0.0,9,0,67.3678,82.18772,84.9091,0.006305,0.116477,up_tape,bullish,181ae113b538,15,15,15,10,5,10,0
2026-07-27,P1,2026-07,sealed,62,0,0.0,9,0,62.9049,81.34087,84.6447,0.013855,0.113003,up_tape,bullish,181ae113b538,15,15,15,10,5,10,0
2026-07-28,P1,2026-07,sealed,63,0,0.0,9,0,69.272,81.49448,86.5975,-0.000189,0.097106,down_tape,bullish,181ae113b538,15,15,15,10,5,10,0
2026-07-29,P1,2026-07,sealed,63,0,0.0,8,0,68.429,81.37938,83.3606,-0.02318,0.107034,down_tape,bullish,181ae113b538,15,15,15,10,5,10,0
2026-07-30,P1,2026-07,sealed,58,0,0.0,4,0,61.21815,76.81055,85.4129,-0.005458,0.124272,down_tape,strongly_bullish,181ae113b538,15,15,15,10,5,10,0
2026-07-31,P1,2026-07,sealed,62,0,0.0,6,0,66.48525,79.62911,87.1266,0.003021,0.126953,up_tape,strongly_bullish,181ae113b538,15,15,15,10,5,10,0
2026-08-03,P1,2026-08,sealed,64,0,0.0,8,0,65.3076,81.17703,83.8685,0.008505,0.133142,up_tape,strongly_bullish,181ae113b538,15,15,15,10,5,10,0
2026-08-04,P1,2026-08,sealed,63,0,0.0,8,0,64.2682,80.93122,82.3554,0.03159,0.145143,up_tape,strongly_bullish,181ae113b538,15,15,15,10,5,10,0
2026-08-05,P1,2026-08,sealed,64,0,0.0,8,0,71.25895,82.75982,84.5527,0.032721,0.144729,up_tape,strongly_bullish,181ae113b538,15,15,15,10,5,10,0
2026-08-06,P1,2026-08,sealed,66,0,0.0,8,0,65.2556,81.6474,85.3173,0.022416,0.142827,up_tape,strongly_bullish,181ae113b538,15,15,15,10,5,10,0
2026-08-07,P1,2026-08,sealed,66,0,0.0,8,0,66.14265,81.7272,85.3347,0.024253,0.1435,up_tape,strongly_bullish,181ae113b538,15,15,15,10,5,10,0
2026-08-10,P1,2026-08,sealed,62,0,0.0,8,0,65.3176,82.90941,85.2546,0.031849,0.139782,up_tape,strongly_bullish,181ae113b538,15,15,15,10,5,10,0
2026-08-11,P1,2026-08,sealed,65,0,0.0,8,0,66.426,82.59692,85.6275,0.024913,0.140565,up_tape,strongly_bullish,181ae113b538,15,15,15,10,5,10,0
2026-08-12,P1,2026-08,sealed,68,0,0.0,8,0,67.9166,82.36096,84.9348,0.023423,0.140286,up_tape,strongly_bullish,181ae113b538,15,15,15,10,5,10,0
2026-08-13,P1,2026-08,sealed,64,0,0.0,8,0,67.9689,81.66447,88.2768,0.036179,0.139455,up_tape,strongly_bullish,181ae113b538,15,15,15,10,5,10,0
2026-08-14,P1,2026-08,sealed,64,1,0.015625,8,1,69.18265,84.43557,92.4632,0.044464,0.133304,up_tape,strongly_bullish,181ae113b538,15,15,15,10,5,10,0
2026-08-17,P1,2026-08,sealed,64,0,0.0,9,0,67.1433,82.87093,88.0659,0.041208,0.134933,up_tape,strongly_bullish,181ae113b538,15,15,15,10,5,10,0
2026-08-18,P1,2026-08,sealed,64,1,0.015625,8,1,70.62375,83.08583,90.7986,0.025619,0.136229,up_tape,strongly_bullish,181ae113b538,15,15,15,10,5,10,0
2026-08-19,P1,2026-08,sealed,66,0,0.0,8,0,69.7749,81.6673,86.7631,0.028967,0.135949,up_tape,strongly_bullish,181ae113b538,15,15,15,10,5,10,0
2026-08-20,P1,2026-08,sealed,64,0,0.0,8,0,67.85495,82.05306,88.9852,0.033081,0.131211,up_tape,strongly_bullish,181ae113b538,15,15,15,10,5,10,0
2026-08-21,P1,2026-08,sealed,63,0,0.0,9,0,67.284,82.3149,88.838,0.036255,0.131473,up_tape,strongly_bullish,181ae113b538,15,15,15,10,5,10,0
2026-08-24,P1,2026-08,sealed,59,1,0.016949,8,1,65.971,81.06916,90.0439,0.032987,0.132446,up_tape,strongly_bullish,181ae113b538,15,15,15,10,5,10,0
2026-08-25,P1,2026-08,sealed,62,0,0.0,8,0,63.02165,81.55368,84.7692,0.033812,0.132538,up_tape,strongly_bullish,181ae113b538,15,15,15,10,5,10,0
2026-08-26,P1,2026-08,sealed,60,0,0.0,8,0,67.0176,80.37361,83.7467,0.050202,0.116274,up_tape,strongly_bullish,181ae113b538,15,15,15,10,5,10,0
2026-08-27,P1,2026-08,sealed,57,0,0.0,8,0,69.0615,80.93726,87.1897,0.039653,0.104915,up_tape,strongly_bullish,181ae113b538,15,15,15,10,5,10,0
2026-08-28,P1,2026-08,sealed,64,0,0.0,8,0,67.27755,81.09212,87.6671,0.029878,0.104024,up_tape,strongly_bullish,181ae113b538,15,15,15,10,5,10,0
2026-08-31,P1,2026-08,sealed,61,0,0.0,9,0,64.5548,81.5081,89.0775,0.01238,0.093603,up_tape,strongly_bullish,181ae113b538,15,15,15,10,5,10,0
2026-09-01,P1,2026-09,sealed,59,0,0.0,9,0,68.2908,81.00894,87.0292,-0.012381,0.071797,down_tape,strongly_bullish,181ae113b538,15,15,15,10,5,10,0
2026-09-02,P1,2026-09,sealed,62,0,0.0,8,0,65.19295,81.67839,87.6608,-0.006015,0.07376,down_tape,strongly_bullish,181ae113b538,15,15,15,10,5,10,0
2026-09-03,P1,2026-09,sealed,61,0,0.0,9,0,67.1965,81.8778,88.7398,0.005998,0.082737,up_tape,strongly_bullish,181ae113b538,15,15,15,10,5,10,0
2026-09-04,P1,2026-09,sealed,62,0,0.0,10,0,68.4241,81.47928,85.139,-0.00397,0.081015,down_tape,strongly_bullish,181ae113b538,15,15,15,10,5,10,0
2026-09-08,P1,2026-09,sealed,64,1,0.015625,8,1,66.7821,82.1097,93.3119,-0.009146,0.083181,down_tape,strongly_bullish,181ae113b538,15,15,15,10,5,10,0
2026-09-09,P1,2026-09,sealed,61,0,0.0,9,0,58.3883,83.2208,87.2533,-0.01059,0.083975,down_tape,strongly_bullish,181ae113b538,15,15,15,10,5,10,0
2026-09-10,P1,2026-09,sealed,60,1,0.016667,9,1,62.68465,82.76985,92.7216,-0.018978,0.085323,down_tape,strongly_bullish,181ae113b538,15,15,15,10,5,10,0
